{
  "central_connecticut_state": "central-conn-st",
  "charleston": "col-of-charleston",
  "csu_fullerton": "cal-st-fullerton",
  "east_washington": "eastern-wash",
  "eastern_kentucky": "eastern-ky",
  "florida_atlantic": "fla-atlantic",
  "grambling_state": "grambling",
  "little_rock": "ualr",
  "louisiana": "la-lafayette",
  "mcneese": "mcneese-st",
  "miami": "miami-fl",
  "mount_saint_marys": "mt-st-mary-ny",
  "nc_state": "north-carolina-st",
  "northern_iowa": "uni",
  "northern_kentucky": "northern-ky",
  "omaha": "neb-omaha",
  "saint_francis_u": "st-francis-pa",
  "saint_johns": "st-johns-ny",
  "saint_marys": "st-marys-ca",
  "saint_peters": "st-peters",
  "sam_houston": "sam-houston-st",
  "sf_austin": "stephen-f-austin",
  "south_florida": "south-fla",
  "southeast_missouri_state": "southeast-mo-st",
  "southern": "southern-u",
  "texas_a&m": "texas-am",
  "texas_a&m_cc": "am-corpus-chris",
  "ucsb": "uc-santa-barbara",
  "usc": "southern-california",
  "western_kentucky": "western-ky"
}